MutantNo,[FAIL | TIME | EXC | LIVE | UNCOV]
1,EXC
2,EXC
3,EXC
4,FAIL
5,EXC
6,LIVE
7,EXC
8,EXC
9,EXC
10,EXC
11,LIVE
12,EXC
13,FAIL
14,FAIL
15,EXC
16,FAIL
17,FAIL
18,FAIL
19,FAIL
20,FAIL
21,FAIL
22,FAIL
23,FAIL
24,FAIL
25,FAIL
26,LIVE
27,FAIL
28,FAIL
29,FAIL
30,FAIL
31,LIVE
32,FAIL
33,FAIL
34,FAIL
35,LIVE
36,FAIL
37,FAIL
38,LIVE
39,LIVE
40,FAIL
41,LIVE
42,FAIL
43,LIVE
44,EXC
45,FAIL
46,LIVE
47,EXC
48,LIVE
49,FAIL
50,EXC
51,FAIL
52,FAIL
53,LIVE
54,FAIL
55,FAIL
56,FAIL
57,FAIL
58,FAIL
59,FAIL
60,FAIL
61,FAIL
62,FAIL
63,FAIL
64,FAIL
65,FAIL
66,FAIL
67,FAIL
68,FAIL
69,FAIL
70,EXC
71,LIVE
72,LIVE
73,LIVE
74,LIVE
75,FAIL
76,FAIL
77,LIVE
78,LIVE
79,LIVE
80,FAIL
81,LIVE
82,FAIL
83,LIVE
84,LIVE
85,FAIL
86,LIVE
87,LIVE
88,EXC
89,FAIL
90,LIVE
91,LIVE
92,FAIL
93,FAIL
94,EXC
95,LIVE
96,EXC
97,FAIL
98,EXC
99,EXC
100,FAIL
101,EXC
102,EXC
103,EXC
104,EXC
105,FAIL
106,EXC
107,EXC
108,EXC
109,EXC
110,FAIL
111,EXC
112,EXC
113,EXC
114,EXC
115,FAIL
116,EXC
117,EXC
118,FAIL
119,LIVE
120,FAIL
121,FAIL
122,FAIL
123,FAIL
124,FAIL
125,FAIL
126,FAIL
127,FAIL
128,FAIL
129,FAIL
130,FAIL
131,EXC
132,FAIL
133,FAIL
134,FAIL
135,LIVE
136,FAIL
137,FAIL
138,EXC
139,LIVE
140,FAIL
141,FAIL
142,EXC
143,FAIL
144,EXC
145,FAIL
146,FAIL
147,FAIL
148,LIVE
149,FAIL
150,FAIL
151,FAIL
152,FAIL
153,FAIL
154,FAIL
155,FAIL
156,FAIL
157,FAIL
158,LIVE
159,FAIL
160,UNCOV
161,FAIL
162,LIVE
163,FAIL
164,UNCOV
165,FAIL
166,LIVE
167,FAIL
168,UNCOV
169,FAIL
170,LIVE
171,FAIL
172,UNCOV
173,FAIL
174,LIVE
175,FAIL
176,UNCOV
177,FAIL
178,LIVE
179,FAIL
180,UNCOV
181,FAIL
182,LIVE
183,FAIL
184,UNCOV
185,FAIL
186,LIVE
187,FAIL
188,UNCOV
189,FAIL
190,EXC
191,FAIL
192,FAIL
193,FAIL
194,FAIL
195,FAIL
196,FAIL
197,FAIL
198,FAIL
199,FAIL
200,FAIL
201,FAIL
202,FAIL
203,FAIL
204,FAIL
205,FAIL
206,FAIL
207,FAIL
208,FAIL
209,FAIL
210,FAIL
211,FAIL
212,FAIL
213,FAIL
214,FAIL
215,FAIL
216,FAIL
217,FAIL
218,FAIL
219,FAIL
220,FAIL
221,FAIL
222,FAIL
223,FAIL
224,FAIL
225,FAIL
226,FAIL
227,FAIL
228,FAIL
229,FAIL
230,FAIL
231,FAIL
232,FAIL
233,FAIL
234,FAIL
235,FAIL
236,FAIL
237,FAIL
238,FAIL
239,LIVE
240,EXC
241,FAIL
242,FAIL
243,LIVE
244,FAIL
245,UNCOV
246,LIVE
247,FAIL
248,FAIL
249,EXC
250,EXC
251,FAIL
252,FAIL
253,FAIL
254,LIVE
255,FAIL
256,FAIL
257,FAIL
258,EXC
259,FAIL
260,FAIL
261,FAIL
262,FAIL
263,FAIL
264,EXC
265,LIVE
266,EXC
267,FAIL
268,FAIL
269,FAIL
270,LIVE
271,FAIL
272,FAIL
273,FAIL
274,EXC
275,FAIL
276,FAIL
277,FAIL
278,FAIL
279,LIVE
280,EXC
281,FAIL
282,FAIL
283,LIVE
284,FAIL
285,UNCOV
286,LIVE
287,FAIL
288,FAIL
289,EXC
290,EXC
291,FAIL
292,FAIL
293,FAIL
294,LIVE
295,FAIL
296,FAIL
297,FAIL
298,FAIL
299,FAIL
300,UNCOV
301,LIVE
302,EXC
303,FAIL
304,FAIL
305,LIVE
306,FAIL
307,UNCOV
308,LIVE
309,FAIL
310,FAIL
311,EXC
312,EXC
313,FAIL
314,FAIL
315,FAIL
316,LIVE
317,FAIL
318,FAIL
319,FAIL
320,FAIL
321,FAIL
322,UNCOV
323,LIVE
324,EXC
325,FAIL
326,FAIL
327,LIVE
328,FAIL
329,UNCOV
330,LIVE
331,FAIL
332,FAIL
333,EXC
334,EXC
335,FAIL
336,FAIL
337,FAIL
338,LIVE
339,FAIL
340,FAIL
341,FAIL
342,FAIL
343,FAIL
344,UNCOV
345,LIVE
346,EXC
347,FAIL
348,FAIL
349,LIVE
350,FAIL
351,UNCOV
352,LIVE
353,FAIL
354,FAIL
355,EXC
356,EXC
357,FAIL
358,FAIL
359,FAIL
360,LIVE
361,FAIL
362,FAIL
363,FAIL
364,FAIL
365,FAIL
366,UNCOV
367,LIVE
368,EXC
369,FAIL
370,FAIL
371,LIVE
372,FAIL
373,UNCOV
374,LIVE
375,FAIL
376,FAIL
377,EXC
378,EXC
379,FAIL
380,FAIL
381,FAIL
382,LIVE
383,FAIL
384,FAIL
385,FAIL
386,FAIL
387,FAIL
388,UNCOV
389,LIVE
390,EXC
391,FAIL
392,FAIL
393,LIVE
394,FAIL
395,UNCOV
396,LIVE
397,FAIL
398,FAIL
399,EXC
400,EXC
401,FAIL
402,FAIL
403,FAIL
404,LIVE
405,FAIL
406,FAIL
407,FAIL
408,FAIL
409,FAIL
410,UNCOV
411,LIVE
412,EXC
413,FAIL
414,FAIL
415,LIVE
416,FAIL
417,UNCOV
418,LIVE
419,FAIL
420,FAIL
421,EXC
422,EXC
423,FAIL
424,FAIL
425,FAIL
426,LIVE
427,FAIL
428,FAIL
429,FAIL
430,FAIL
431,FAIL
432,UNCOV
433,LIVE
434,EXC
435,FAIL
436,FAIL
437,LIVE
438,FAIL
439,UNCOV
440,LIVE
441,FAIL
442,FAIL
443,EXC
444,EXC
445,FAIL
446,FAIL
447,FAIL
448,LIVE
449,FAIL
450,FAIL
451,FAIL
452,FAIL
453,FAIL
454,UNCOV
455,LIVE
456,LIVE
457,FAIL
458,LIVE
459,FAIL
460,LIVE
461,FAIL
462,FAIL
463,FAIL
464,FAIL
465,LIVE
466,LIVE
467,FAIL
468,LIVE
469,FAIL
470,LIVE
471,FAIL
472,FAIL
473,FAIL
474,FAIL
475,FAIL
476,FAIL
477,FAIL
478,FAIL
479,FAIL
480,FAIL
481,FAIL
482,FAIL
483,FAIL
484,FAIL
485,FAIL
486,FAIL
487,FAIL
488,EXC
489,FAIL
490,FAIL
491,FAIL
492,FAIL
493,UNCOV
494,UNCOV
495,FAIL
496,FAIL
497,FAIL
498,FAIL
499,FAIL
500,FAIL
501,FAIL
502,FAIL
503,FAIL
504,FAIL
505,FAIL
506,FAIL
507,FAIL
508,FAIL
509,FAIL
510,FAIL
511,FAIL
512,FAIL
513,FAIL
514,FAIL
515,FAIL
516,FAIL
517,UNCOV
518,FAIL
519,FAIL
520,FAIL
521,FAIL
522,FAIL
523,FAIL
524,FAIL
525,FAIL
526,FAIL
527,FAIL
528,FAIL
529,FAIL
530,FAIL
531,FAIL
532,FAIL
533,FAIL
534,FAIL
535,FAIL
536,FAIL
537,FAIL
538,FAIL
539,FAIL
540,FAIL
541,FAIL
542,FAIL
543,FAIL
544,FAIL
545,FAIL
546,FAIL
547,LIVE
548,FAIL
549,FAIL
550,FAIL
551,FAIL
